1GN,2DG,49T,A2G,ACY,ADA,AGL,AHR,ARA,ARB,BDF,BDP,BDR,BEM,BGC,BM3,BM7,BMA,BXX,BXY,DAG,DLY,DSG,DSN,FCA,FCB,FRU,FUC,FUL,GAL,GCS,GCU,GIV,GLA,GLC,GLO,GTR,GZL,IDR,KDO,LDY,LGU,LXC,MAN,MAV,MOH,NAG,NBG,NGA,PA1,PDa,PDb,PDc,PDd,PO4,RAM,RB0,RIB,RIP,RM4,SIA,SLB,SO4,SST,X6X,XXM,XYP,XYS,Z9N
0.17378877,-1.1521071,-2.224267,-0.61898005,0.10086057,0.18836918,1.211536,-1.1387262,0.70800185,-1.0415235,-1.0767722,-1.2372588,0.77493876,0.6359376,0.6094818,0.5758532,-0.21200143,-1.249721,1.2933768,0.6452193,1.1915705,-0.47652233,0.19044529,2.0742414,0.34101352,0.27215317,0.51577204,-1.1671365,-1.7913048,0.19747669,2.0739884,1.9403833,0.002208201,1.0056665,0.32324606,1.1156961,-0.36169338,-1.0406806,-1.646666,-0.47539797,0.9563907,0.3770267,-0.5508815,0.30137143,1.0342908,0.086102895,-1.4514254,-0.50733584,1.27757,0.07087466,0.5629856,0.96991515,1.3284798,0.7483058,-0.5919472,-1.1955947,-0.40948248,-0.16135114,1.4863288,-0.55765736,-0.9665648,-0.5816965,-0.15218744,-1.6524713,0.75900686,-0.04757469,0.5038247,0.61311716,-0.19303885
-0.9694869,-1.6885734,-0.44163898,1.1650177,1.1280178,-0.08273893,0.8855941,0.61623603,-1.526026,-1.3683537,-1.0374482,0.8493238,-0.49451265,1.2299328,1.3102444,-0.06196337,0.43989313,0.63240844,-0.27119496,-0.78969693,-0.8514451,2.356619,0.08920169,0.3795797,-0.15582447,-0.34071708,0.36050168,0.037552178,1.5833176,0.9988106,0.046095088,0.15225266,1.2376165,-2.3153687,-0.18474454,-1.710045,-0.17744584,0.13770704,-0.23282263,0.35816216,-1.5102854,0.9315504,0.28682512,-0.024982447,0.27000716,0.94836473,-0.9305189,-0.05658743,1.2533935,0.4333909,-1.5308895,0.5109657,-1.0745353,0.092510305,-2.2851257,-0.6605212,1.027156,-0.2928298,0.61065197,0.8504872,0.70555913,1.58131,-1.2785116,-0.5396559,1.6479961,-2.2560272,-0.72193307,0.1307699,-0.3382221
0.5681764,1.2696612,0.88337845,1.264111,-0.50773907,-0.70363355,0.15055823,-1.618044,1.170909,0.12630582,0.77768415,0.9944052,0.8927483,-1.1007904,0.77653927,-0.62180465,-0.21174277,-0.8849806,0.4109866,1.8058238,1.3184425,-1.300122,0.21797688,-0.29491562,-0.92472833,0.80097175,0.36058664,-0.27590528,0.1417824,-1.3321412,0.0844368,-1.6066806,-0.53300214,0.56555915,0.028275024,0.537963,-1.2016649,0.054252535,-0.13684867,-0.82799226,0.5679396,0.5260552,1.2492893,-1.8903364,-0.8141613,0.53259957,1.9361497,0.17841074,0.7157419,1.4335339,-1.0171036,1.6174157,0.10017957,1.3606834,2.6840427,1.2079425,-0.44501948,-1.1567922,-1.0340877,-0.27209112,1.027626,0.43196806,-0.9608198,-0.083628856,-1.3731203,-0.54486716,-0.43190816,-2.3511114,0.4326432
0.5866041,-0.94908506,-2.9340925,0.093683735,-0.8261997,1.0278854,0.7536299,0.021544715,-0.7690612,-1.5839916,-0.30340186,0.94650984,0.41201338,0.043840222,-1.317329,-0.0575757,-0.815657,0.42696995,-0.9575827,2.0842223,1.0393003,-1.0425706,-0.63180923,-0.02283353,-1.1991612,-0.19688272,1.5577881,-0.3265269,0.46778345,-0.0724604,1.7513742,0.5286486,-0.5265211,-0.63313055,2.1599061,-0.16200666,-0.74282765,1.296854,-0.019091193,0.15636636,1.0102217,0.7749811,0.8530241,0.1790808,0.38563964,0.016070103,-1.4418777,-1.7842983,-1.2122123,-0.1966621,0.35737744,-2.3092334,-0.9417416,0.11743068,-0.54404896,-0.62963873,0.6936096,-0.5770043,2.8594866,-1.2695266,-0.26531208,2.6117773,0.86013097,-1.1793342,0.41652527,0.031030253,-2.257175,-0.72787344,-0.27664828
2.0892577,0.679704,0.6517744,-0.5152612,-1.6684753,-0.3813784,0.42531675,1.3421955,0.82853657,0.5397932,2.1178641,0.48566025,0.28930286,1.3712155,-1.1226611,0.63241917,1.4357307,-1.2662313,-2.1340117,-2.1590066,0.5817013,0.32310197,0.7408384,1.4388392,-1.6718328,-0.05510305,-0.6492055,0.80027807,0.7801067,0.36073694,0.9314777,-0.9644403,-0.79406977,1.3803972,0.87367296,0.3836662,0.3729618,-0.77740216,1.7742966,-0.3340176,0.49391246,0.046740934,-0.70654494,2.281785,-1.4988891,0.113813,-1.8482556,-0.9624266,0.10723828,-0.8207463,1.1840801,-1.9645356,0.54857236,-0.28547332,-1.3998163,1.3513949,1.1456884,0.77187234,0.042158652,-1.0403734,0.67060125,-0.45634726,-0.07275672,1.1883582,0.16299504,-2.125502,-0.59818625,-0.0669481,-0.68828356
0.06984574,-0.47550544,-0.0749428,-0.90759844,0.762673,-0.41630402,-2.5786657,1.171179,-0.8397921,-0.9031674,0.27562866,-0.5906288,0.36217642,-1.0722775,0.50707936,-0.569728,0.41666692,-0.21274377,0.18910332,1.1895672,-0.41572356,-0.78179353,-2.4014378,0.4960946,-0.72981566,-1.0924151,-1.145892,0.71764755,-0.3795115,-0.64473283,0.27378058,0.2858337,-0.011704709,-0.37643465,-2.277059,1.5511659,-1.1583905,0.019515896,-1.7601589,-0.5272579,-0.31410483,-0.2782614,0.50384575,0.18576409,0.3633726,0.9172174,0.05200779,-0.7369422,-1.1911952,1.4565909,1.5502793,0.9314204,-0.0090412805,-0.004239622,1.4907933,2.9399633,1.8962904,0.6815785,0.52640736,0.4237099,-1.3740326,-1.1416432,-0.6404037,-0.27768385,0.43781298,-0.27308577,-1.2819943,0.20366801,1.3506343
0.040198352,-0.29208806,-1.7896652,0.23954825,0.27873445,-0.5533298,-1.5538721,1.0412806,-0.20227826,1.5002971,-0.9285825,0.39342305,-0.90967315,0.10414154,-0.74453497,0.85657436,0.58892256,-0.6566996,-0.6454864,0.058363456,0.56171364,0.72386825,1.3382457,0.75240076,-0.24951477,0.05827336,-1.8811481,-1.4700378,-1.0139842,-0.47120574,0.038176633,1.7939005,0.0070434147,1.6113449,0.9671662,1.106694,2.0119987,-0.66370046,-1.873734,-0.38869834,-0.10956245,-0.028867466,0.120225966,-0.31203246,0.41219565,0.53228617,1.1972392,-0.4422942,-0.03842394,0.16861157,0.5064579,0.07290715,0.19918226,1.7771233,0.21941833,0.6311095,-1.8505145,-1.4928542,1.7168492,-0.64495754,0.07485631,-0.7364079,0.40166295,0.74034643,-0.109589145,0.43843576,1.0718889,0.07206219,-0.5909604
1.4606487,-0.3414728,-1.4292389,0.40732542,0.19794075,0.13701478,0.12196679,-0.51170695,0.64134324,-0.22921143,0.4700359,0.18235376,-0.4834126,1.1970848,-0.73664474,0.4175873,0.74772114,-0.091437794,1.3366661,0.112359285,-0.11592702,-0.8280282,-0.74441224,-1.0234113,0.81123966,-1.7464056,-0.8905665,1.034032,1.1776663,-0.9714416,0.2898737,0.6400857,1.0833025,0.6336689,-1.1437782,0.2933359,0.22701544,-0.3766516,-0.74015194,1.3096975,-0.009550015,-0.6783364,0.19609106,0.49257693,0.7677355,-0.81262475,-1.3104994,0.41020092,-0.079886734,-0.90170395,-0.4916939,-1.0970385,0.6510135,-0.13825707,0.90480524,0.61227465,-0.77392817,-0.26554605,0.8284444,-0.64511317,-1.2104243,1.7034396,-0.7689667,-1.3327127,-1.6458186,0.20605911,0.14204074,-1.1871736,-1.4183873
1.7079772,0.17191766,0.32255164,-0.60098386,1.0967548,-0.41484153,0.5156547,0.35459992,-0.69378024,-1.1881121,0.16405557,-0.37362167,-0.08803758,-1.3169099,1.5248146,0.73247975,-0.3352941,-0.10254288,-1.5857309,0.3307112,-2.48635,0.53479236,0.053133328,0.78209376,-0.6002439,0.022730872,-0.53051245,0.5289351,-0.147787,0.48645228,0.90949935,-0.1647976,-0.74403936,1.0357864,-2.4515352,-0.26192075,-0.86862284,-1.3820945,1.0441711,-1.1377158,0.66307384,0.29634982,0.8318577,-0.37834558,0.37407896,0.41465327,0.43930092,-0.3291436,0.8123107,1.7675133,-0.10363016,0.79541457,0.14886698,-0.56644857,-0.5843175,-0.6263093,0.35153604,-0.18171294,-0.6093713,0.9549474,-0.1339708,0.62038636,-1.1364075,-0.42129326,-0.87470865,-0.28241608,0.5986534,1.2000422,-0.8694717
-0.80015934,1.6565615,-0.26659077,0.9483697,-0.054636292,0.46403956,0.8264606,-0.54971844,0.06110331,-1.8787191,0.13966699,1.5338298,-0.13371536,-0.16801943,-0.7338748,0.72756916,-0.9174356,0.32280952,-0.44241196,0.48717293,1.9316056,-1.1666489,0.11906047,0.38059834,-0.4466592,-0.7828777,0.98368984,1.0735412,1.4366748,0.73716426,-0.4839963,0.8481212,-0.13243626,1.3134482,-0.00040277827,1.7441405,-1.2974994,0.4712655,-0.72035766,0.97349954,0.2063431,-0.12420532,-1.0758907,1.7912563,-0.96185154,0.5711358,0.15839985,0.32053134,-0.39961353,-0.8841908,0.52296984,-0.030042317,1.9357128,-0.29802123,-0.68449324,-0.8446163,-0.4019824,1.5244336,-0.62342083,1.296331,-0.90670395,2.0601861,-0.011897616,-1.0943903,-0.24406561,0.11078796,-0.21528096,0.46100157,-0.34572235
-0.57312953,-0.777202,1.283409,0.10823303,-0.18702964,-2.1375856,-0.324388,0.59777313,-0.5863294,-1.6257476,0.009853746,-0.6191247,-0.27131268,-1.0815274,-1.1081156,0.49235013,-0.66051126,-0.20937492,-0.23514499,-2.4975078,-0.28341308,-1.1801337,-0.23481205,-0.048664976,-0.12191579,1.2088722,-0.74971366,0.19970882,-0.672574,0.54255617,-2.396246,0.042644728,-1.8898685,0.86089194,1.8386561,-0.8571205,0.03588255,-0.21700858,0.115673356,0.18448384,-0.140631,-0.19816734,0.0142434435,-0.8801684,2.1595247,0.25437537,0.3880452,0.8565018,1.7014378,2.0937316,0.37833765,-0.036028933,0.24230318,-0.7040262,0.3211569,1.8878214,-1.4522132,1.7372892,-0.2695879,1.0668821,-0.8377875,-2.4174047,-0.4692374,0.43042514,0.76012576,-1.0499952,0.19938533,-1.019593,1.4737204
0.5872064,1.5579438,0.5746629,1.640199,-0.66459596,1.7632765,2.009273,-1.2854824,0.009010213,0.07564795,-0.30315292,0.28778464,0.75646013,-0.81034386,1.4298519,0.06881112,-0.35767034,0.40588415,0.90117013,-1.7531427,1.8358254,-0.7306345,-0.6164258,-0.31954426,-1.1431178,1.0903933,-0.7217416,0.7115689,1.5239664,-0.42311072,-0.15683413,-0.26967117,-0.5924667,0.9356823,0.4653542,0.47211722,-0.019835634,-1.3916153,-0.4238043,-0.16083303,-1.548489,-0.55093586,-0.40166253,-0.8072541,0.35738093,-0.09638798,-1.1889162,1.8505876,-0.7240186,-0.031420875,-0.45342872,1.3976216,-0.11066422,1.2444324,-0.4824269,-1.2187849,-1.6900637,0.67242193,1.0221406,-0.24594177,-0.43074152,0.24407314,-0.18325868,0.15611322,-0.09199893,-0.32713836,-0.5076045,1.4001424,-0.87024224
-0.0765697,0.053573478,-0.65935266,-0.7028442,0.9402193,0.12633878,-0.546491,0.03544186,0.064762294,-0.07716713,0.14824653,-0.4587793,1.3001447,-1.0226448,-1.1147405,-0.57891303,-0.6464951,-1.4606268,-1.1306316,-0.29490438,-1.9842746,0.5674893,-0.979896,0.19813943,-1.0172952,0.5096371,0.97890335,-0.59919673,-1.3838923,-0.09884063,0.6088715,1.6667111,-0.26307994,-0.4945992,1.0169932,-0.64429665,0.9081563,0.3599336,-0.5250738,-0.7678613,1.1302127,-0.0664723,-1.1170565,-1.088833,1.9111334,0.5154802,0.009184998,-1.3757792,1.4473817,-0.72827303,-1.0936066,-0.022524703,-0.24111827,-0.12671873,1.1088142,-1.3796436,0.7850637,0.49703288,0.4750231,-1.1805513,0.36551696,-1.2455539,0.5803314,0.43489403,0.37108847,-0.16926709,-0.3878742,1.072738,-0.5565939
-0.7582312,1.8535316,0.5325608,-0.2143015,-1.7743559,-0.24341924,1.9344752,0.027626012,0.4024303,-0.3250795,0.002769823,1.7826926,0.30047095,2.1174622,0.38932335,-2.1081972,2.5688798,1.047604,1.0442221,0.045611374,1.9097912,0.12749973,-0.02317822,0.10890445,0.04617531,0.718903,-1.0074558,0.3562634,-1.1744857,-0.39186496,-0.36907172,0.22726747,-0.16258365,-0.8412033,-0.26168028,-0.8510143,-1.0416969,-0.31032833,-0.6938155,0.051180813,2.3674386,-1.3298936,-0.20465459,0.045495752,1.4197333,-1.7464248,-0.96840125,-0.011801309,0.9669368,0.21181121,-0.13186099,0.29440144,0.0386722,1.8127222,1.0212029,-0.15080461,0.9175333,-1.1920977,1.4364749,-1.2190989,-0.39234975,-0.32572424,1.2260351,0.7748536,-0.9867015,1.7648203,-0.7682524,0.08119426,0.6130754
-0.98563856,1.1344861,1.4823022,-0.53582335,-0.31075612,0.56420326,-0.34061757,0.36274442,-0.6732544,-0.32103118,0.9392369,1.0484942,0.56507367,1.9146792,0.728948,1.1100417,-1.1685438,-1.0683386,1.4448091,1.337231,-0.95361435,0.80839795,-1.5666294,-0.5368123,-0.22042604,0.3307677,-0.37809172,-1.4723049,0.45074728,1.3521367,0.65124744,0.46539244,0.74366826,0.6370819,1.1820443,-0.4672527,0.39989737,-2.339076,-0.05348013,-1.0394701,0.6482272,-0.970458,-0.5195911,-0.04596371,1.5824738,-1.1754363,1.4871302,0.060172915,-0.7918112,0.060439624,-0.34452823,2.1580863,-0.4909557,-0.8148777,0.13503489,1.5516968,-0.056278948,-2.1741793,-1.6274168,0.71811956,0.10314908,-1.488523,-0.19438763,0.1710644,-0.5367642,-0.15054046,0.7280229,-0.8156512,-1.3505918
0.31570885,0.66867924,0.34860954,0.27545378,-0.14508562,0.5074834,-0.4535587,2.063029,0.8957027,0.56028783,0.8203413,0.9673598,0.3969377,-2.4155252,-0.2714378,-1.3384998,-1.3050244,-0.8145557,-0.54642016,0.30457804,-0.54012007,1.3941342,-1.1260322,2.3659384,1.8814864,-1.2350839,0.13575311,-1.114121,1.754859,0.33438894,0.20136388,-0.8091702,0.83055985,-3.052232,0.29807287,-0.71154994,-0.09225554,-0.31705827,-0.46359405,-0.7781364,-0.10863515,-1.6408362,0.20043552,-0.876344,-0.45431724,1.420687,0.2002696,1.1858974,-1.0196631,1.1445906,-0.39780542,-1.062004,0.4037561,0.17908466,-0.44786114,0.6511286,-0.2338975,-0.8941999,-0.57208717,-0.9715322,-0.016538074,0.27047756,1.4402982,0.56962323,1.2875285,-1.9468061,-1.1473585,1.3717716,-0.7950416
0.6085113,2.0166469,-0.5303737,-0.41068614,-0.4548979,-0.9516371,-1.6540962,-0.4088116,0.34564862,0.22212462,-0.9044659,0.85126036,1.2941511,0.75842834,0.32089204,0.5870653,-0.5454067,1.0301466,0.26470867,0.6164314,-1.2432742,-1.614008,-1.1219186,0.51731586,-2.7719367,-1.2733557,-3.00058,-2.0137792,-0.6333841,0.050297577,-0.864683,1.6584846,-1.0148997,0.20383064,1.0592529,-2.3853343,0.9762431,1.1786895,1.2365218,-0.07468967,-0.1263892,-0.5229265,-0.18723397,-1.3179373,-0.49290702,-2.450747,0.14983556,2.3285284,-0.13000838,-1.6901708,0.21216695,-0.033902902,-1.1359913,-0.12737805,-0.8947221,-0.7679799,-0.3649025,0.379769,-0.5710745,1.338092,-0.51835424,-0.39284468,0.67781407,-0.31688085,-1.0264901,0.5199839,0.81538194,0.35841042,-0.95755875
0.11312018,-0.35038042,1.5115548,1.0107286,-0.527538,-0.09795879,0.8201284,0.4471184,-0.5069857,0.70247597,1.5951867,0.411213,-1.6158036,0.18473236,-0.37513462,0.7558523,-0.42398062,0.4504548,-0.56035566,1.1517004,0.45956725,-1.0518855,-1.4393287,0.24022605,0.19155465,0.62236285,-0.5939387,-0.449891,0.9086294,0.6107068,-0.9001933,0.6287373,0.30125403,1.1732259,2.0278444,-0.97336036,-0.538805,0.5102311,1.1401281,0.29976165,-0.89000714,1.2156156,-0.9216793,-1.4966484,-0.42975602,1.0037171,-0.31901672,-0.10340966,-0.48797527,-0.40344733,-0.5464837,1.0419835,0.5200864,0.8870188,-0.78783846,-0.8807137,2.2401667,-0.034192003,-1.0812737,0.13133895,-0.20467417,1.0548697,-1.4390967,0.66032374,-1.3355753,0.5068222,-7.1518676e-05,0.21074925,3.1463854
-1.0958073,-0.83398914,-0.10847203,1.5060015,-1.1483674,1.256985,2.3957436,-2.2659519,-0.38996696,-0.31073982,1.774091,-0.7042193,1.6544324,-2.7128532,0.20206398,-2.0680015,-0.05530348,0.6278916,1.0443708,-1.0506027,-0.03315325,0.75998175,0.386163,-1.7618876,-0.31085524,-0.57789326,2.4644034,0.0814664,0.6275959,0.6317046,1.5192435,1.4496615,-1.1490593,0.5055292,0.075145796,-0.40027645,-0.8884309,0.86740035,-0.85908705,0.7457023,-0.6978673,-0.23346728,0.3027503,0.3387384,-0.943595,0.18317595,0.32168835,0.9380588,1.4290873,1.3024663,1.9742597,-1.1812884,1.0099716,-1.4540379,-1.1304357,0.6141198,-1.1923145,0.16835329,1.8611803,-0.5923135,0.49245304,-0.6251214,-0.47258475,-0.5418924,-1.5362762,0.36273155,-0.5063989,-0.82183284,0.65074
-1.3420546,-1.205644,-1.9471282,0.003125864,0.4412321,0.44296262,0.008890621,1.05696,-2.2781043,1.6698713,0.5986586,-1.0310696,-1.4280365,0.27740994,-0.59183455,1.3598037,0.53484607,-0.13356535,-0.28953373,0.4321066,-0.35271698,-0.7076383,-0.08393714,0.8825304,-0.04452382,0.60283154,0.6001686,0.17257638,0.16746902,0.66753906,0.58216625,1.3161416,0.46808228,-0.7945079,-1.2467701,0.4130809,-2.078948,0.7040423,-0.7902102,-0.9252539,-1.3608873,-0.15311246,-2.678635,0.11616168,1.7265406,0.29158214,0.033698127,0.021133505,-1.9353564,0.5883259,-1.2100598,0.40417272,0.88895714,-1.4678183,0.91779643,1.8787396,0.8600434,0.47240597,1.4169792,0.29505646,0.1298008,0.55352205,-0.16278799,0.3563024,1.3553715,0.7036599,-0.821495,1.0628694,-0.5965073
2.0099282,0.17971888,1.0053669,-0.8616511,-2.0318022,0.7459163,1.4648519,-0.6162798,-0.18288368,0.23734072,0.9177847,0.3412264,-1.2029363,0.43320882,-0.31784388,0.9732729,-1.7141525,0.24247131,-0.46301922,0.5123478,-0.7645926,0.46031728,0.7002376,-0.17771018,-0.12740211,0.95032185,-1.684952,-0.061027676,0.08520156,0.8238325,1.2290549,0.09112573,-1.6515291,0.6110022,-0.29910392,-1.1038989,0.7295585,-1.4003752,-0.2876735,-0.73641217,0.524653,1.2646161,-0.15747268,-1.3133836,0.77756417,1.2773618,0.49593276,-0.4366585,1.2608273,0.95323914,-0.35620704,1.2236642,1.3571378,0.25613043,1.3691268,0.10096146,-0.11684889,-0.5750484,-0.7542987,0.61223626,-0.13838148,0.4175363,-0.04911221,-0.88256645,0.21829893,-1.248399,-0.24855746,-0.50928646,-0.42911375
-0.24477074,-1.4994473,1.119166,0.6059721,0.21017896,0.44286737,0.1531653,0.6268279,1.3589118,-0.8888783,-0.99597365,-0.17776994,-1.7947646,-1.1291926,0.53062385,-0.50010127,0.600655,-0.5599726,-0.66901636,-1.1853366,0.83811194,-0.17122099,-0.41669536,-0.79260933,0.9382441,0.002959809,-0.66401535,-0.3760566,0.38796785,1.2874887,0.20278612,-0.12208847,0.8100126,0.8498702,1.1645116,-1.4576672,-0.105381936,-0.23495926,1.1879427,0.7150244,0.30892673,0.98870337,-1.1500366,-1.2165823,-0.10166105,0.18204403,-0.7256149,-0.19948173,-0.8810971,-0.4117337,0.63493204,0.5185597,-0.38221887,0.009747882,-0.058615692,-0.20285836,0.9858655,0.3967175,0.18318559,1.1407865,0.19263484,-0.5421317,-0.7810376,0.40722972,-2.041566,-0.30499917,0.6888173,0.24940547,-0.3864166
-0.42872828,-1.310031,-1.7270715,1.1028953,1.138655,0.05202374,-0.24520893,0.5958947,1.0273865,0.4883206,1.1117041,-1.496712,-1.7116145,1.1454927,-0.56836724,-0.089073785,1.4437455,0.7258914,-1.4648337,-0.77015364,-0.88187045,0.6920698,-1.3591229,1.0514594,0.5251996,1.5612173,0.9238613,-0.2243647,1.102563,1.0818375,1.681268,-0.14418986,1.729483,0.54620254,0.656984,-1.3408382,0.727193,0.45560986,-0.99489343,0.8459485,1.2464472,0.4990488,-0.162893,1.4612408,0.45030013,-1.0789409,-1.8311105,0.13897692,1.3630786,0.09327815,1.0488974,1.0584196,0.12715314,-1.4811167,0.16537577,-0.24076357,-2.0353818,-2.9144187,0.11519664,-0.5627949,1.4875698,-0.5239501,1.2221246,0.9279755,0.9148204,0.044674784,1.501428,-2.2962196,1.9960184
0.3265571,-0.8443144,-1.2123015,-0.53100306,-0.90692264,-0.48393694,1.1238735,0.25599697,1.0629611,-2.3904145,0.21345466,-1.006374,0.4755682,0.6670236,0.09424017,0.5855529,0.026903365,0.82610786,0.16827726,0.13938121,0.7711008,0.42546698,0.22600755,1.3119594,0.19529073,-1.6348779,-1.7358176,0.62744915,0.98483187,-0.24874957,-0.1762318,0.7881308,0.5790421,-0.054509327,-1.4292202,-0.650745,-0.035169598,0.29539174,-0.33649352,0.687923,-0.053897917,-1.6209793,-1.080463,2.1955748,-1.0091506,-1.0951499,1.4108846,2.1028674,1.6798484,0.107909314,-0.28902277,-2.5310915,0.3982952,1.4191792,-1.6757277,-1.2421628,2.9546278,-1.0197388,1.0703566,0.045707393,0.17831275,0.06846592,-0.28587654,0.6506424,0.41501695,-0.17310937,1.0305969,0.65822524,0.56690633
0.09963598,-0.1269343,-1.420823,0.27642253,0.17919753,0.48938185,1.0817955,0.5775386,-0.75229937,-0.028662136,0.36493653,0.3812627,-1.355494,-1.543263,-1.9593804,-0.121443085,1.0626115,0.7180709,-0.7787906,-0.06918747,1.4682308,-0.13261294,0.5904493,0.13145489,0.0059688464,0.82061446,-1.0994215,-0.61075467,-1.8726385,-0.15859476,-0.979299,0.058087345,0.54696345,0.20894124,0.73893154,0.118490174,-0.5290721,-1.7293404,-0.6430773,1.4131348,0.14532425,1.5097972,-1.3635494,0.2049049,0.13941985,0.8533715,-0.4147761,-1.2266428,-0.66764075,-0.21494907,-1.3892072,0.5598212,-1.2011552,1.0492159,0.18943287,0.15308659,1.395572,2.0763328,1.4564849,0.02450123,-1.0287707,1.4224924,-0.102828346,0.25050232,0.3226272,-0.38963625,-0.29208112,-0.5263965,0.10463086
-0.58099324,0.40166634,-0.6866068,-0.06044114,0.16838233,-0.57946324,-1.5017473,-0.6879494,1.8156179,-1.5043631,-0.27971363,-1.5242496,-0.19414425,-1.2654338,0.65478945,0.70987946,-1.108074,-1.8096156,-1.3202145,-0.36408147,1.96435,0.7135353,-1.3735195,-0.27942294,1.9297572,0.0017150017,-0.14830105,-0.35295814,-0.6350265,-0.04930732,-0.20352511,0.8181643,-0.6127481,-0.1468733,0.735804,-0.95833075,0.62717134,-0.30815947,-2.226026,0.8611336,-0.72575766,-1.1093477,-0.08486178,-2.0636213,-0.5275071,0.1955288,-1.421698,2.0223384,-1.822428,-0.61920315,-1.1956482,1.2247813,-0.13192941,0.7238302,0.4856774,0.61406845,0.7503213,-0.07235784,-2.3934584,0.9139378,-0.837393,1.5025332,-0.6652387,-0.3691851,0.31659696,-0.6479637,-1.1279229,0.31684327,0.9594778
-0.4069034,0.6218559,-0.35508153,1.6312503,-0.66842186,-0.876512,-0.6984093,0.014742215,0.10681702,0.5232908,0.91514564,-0.35420927,0.08780664,-0.26068023,0.6104765,-1.5679836,0.9557106,0.041813202,0.99989885,0.31095636,-0.3022671,-2.0261085,0.26528168,-0.52398896,1.1021718,0.78500783,-0.7357288,-0.23341177,0.46661168,0.9123259,1.502766,-1.9897708,-1.2465584,0.47433466,1.0497321,0.54638374,0.36282653,-1.6586887,0.12759732,-0.63832915,-1.1769204,1.1769718,0.8174162,-0.93734616,-1.8512014,-0.71816796,0.21769133,-1.353662,-0.11593604,-1.4439409,-0.030229442,-0.40688992,2.7663658,-0.025002325,1.8376224,1.2802389,2.0865605,0.4887576,0.1574128,0.4325887,0.05682751,0.22637337,-1.6596466,-0.51563245,2.2882512,-0.32823655,0.08711402,1.8660947,-0.82790226
1.4020319,-1.6876302,0.50217384,0.18816511,-0.6870577,-1.147866,-1.1996275,-1.0384383,-1.0797148,-0.48579866,-0.44126627,0.29196957,0.5733208,-2.1708624,-0.6360729,-0.9512274,-0.69359046,0.9864321,-0.92896986,0.22908624,-0.27995303,-0.16682597,0.07734263,0.0138827255,-1.4804935,0.11714692,-1.3530364,1.3340368,0.1298497,0.68479663,1.7981113,-0.28703988,-0.38392287,1.5407988,0.30706227,0.7461441,-1.1391596,-0.5428494,-1.9013059,-0.83578557,1.2602713,1.5367025,-0.53468186,2.8393955,-1.4900248,0.6862603,0.83555907,0.9278181,0.5970146,-1.4310594,0.75379837,0.9008204,0.0032057073,2.242086,1.0467324,-0.46549532,-0.42272922,-0.5413596,-0.6154516,-1.2245983,-0.8474849,-0.51938033,-0.39192498,0.057154886,0.49469808,-1.1959231,0.11206518,-0.7568116,0.049667276
-0.8618221,-0.34233984,-1.2308018,-0.59092206,0.24245885,-1.8022879,-1.1148756,1.2090765,-0.6725376,0.7997351,-0.63406664,-0.70192474,-0.50246805,-0.8417235,-0.8814244,1.3781381,0.8812583,-1.1441375,1.0571033,0.4432809,0.5924472,-0.036757797,0.6592413,0.1541713,0.8995454,-1.4041305,1.9628804,-0.7134754,0.13863422,1.6106486,0.30546007,-0.090131365,-2.4515376,-0.26680452,-0.4318947,0.35721606,-0.07502396,0.31648803,-0.16312608,-0.6663229,-0.8476258,0.92504185,-1.4021994,1.4023689,-0.97872615,-0.40266287,0.10509477,0.67714226,-0.60033125,1.2570655,-0.093547344,-2.2547498,0.97545636,-0.47418836,-0.7826356,0.2616475,2.3467321,2.3857348,1.031877,0.057284847,0.16307712,-0.11158846,-1.5375544,0.832407,-0.40625054,-1.5902317,0.31127772,0.24036641,0.05008477
-0.43231672,-0.87279725,-0.46807545,-0.121221505,1.0917499,1.3944612,-0.8841072,0.29103798,0.06300689,0.99270093,-0.5033926,0.002940237,-0.82984555,1.461414,-1.483012,-0.6955206,-0.114256,1.9632274,-0.86380947,1.6805716,0.31537792,2.1433516,2.4879715,1.1826789,-1.2992681,0.73008734,1.8199178,2.7617013,0.9379077,-0.5472601,0.67366725,0.67920935,0.68820363,-1.9245162,0.19916864,0.9860719,-0.83530796,-1.1421039,-0.38874143,1.3038641,-0.07600045,-0.35462797,0.56183785,-0.36007267,-1.1058173,0.37237862,-1.1604798,-1.23791,1.4001994,-1.3793375,-0.8737911,0.5014927,0.044010594,1.3742446,0.2962601,-0.1637508,-0.8570436,-0.38168988,-0.9153276,0.1573177,1.255501,1.4665911,0.55186003,0.28089052,2.1567836,-0.8694901,-1.4577149,-0.5950853,-2.2285762
0.009383223,-0.2396772,1.8090649,0.44925857,0.01338511,0.63288677,-1.6081873,0.41592294,-0.2859593,1.9166684,-0.18251291,-0.58478725,-0.76544577,0.7264449,1.7810647,-0.38524154,0.16323224,-0.5456922,0.86837745,-2.2400398,-1.786053,-0.287713,-0.019338844,-2.3787427,0.99894154,0.16665463,-0.8054035,-0.09801948,0.24816577,-0.6916406,-1.9091399,1.002101,-1.7474608,0.22988385,-1.41816,-0.9278319,0.24055326,-0.11711988,0.26128754,-0.26883858,-0.14016505,1.0474889,0.25067317,-1.2437701,-0.3530622,-0.51738393,0.060715016,0.7209071,1.527516,0.51653814,0.52774906,0.3952068,-0.17526853,0.07465481,2.2232296,-0.9473735,-0.36356354,-1.3805178,-1.0728788,-1.9256481,-1.4046179,1.1389543,-1.5684537,0.7936738,0.008900517,-0.17459488,0.37015375,0.10181214,1.1784003
0.07799551,1.6504474,0.9053849,-0.9405509,-0.2424508,0.92324424,-1.1280704,-1.8396668,-2.206458,1.4633328,-1.679176,0.766903,1.2130611,-0.7423998,-1.5621152,-1.7821268,0.20756806,0.7266379,-1.7176186,-0.2354185,-2.0764456,-0.38781148,-0.46564713,0.8165065,-0.6814906,-1.977246,-1.8388656,0.34712344,1.8135129,-0.19769177,0.34243664,-0.996948,-0.5113459,1.3812709,0.628257,2.2713528,0.3207338,1.9608814,0.036842536,0.40957028,0.7279072,0.6471109,-0.2696148,0.5611205,-0.05971661,-0.6268799,-0.13866264,1.0993704,-1.1564329,-0.33365926,-1.2443663,-1.4132446,-0.23598817,-0.6985377,-1.3616476,2.0624435,-0.57434535,-0.11523935,-0.5584663,-0.06021841,-1.9555919,-1.3809407,1.2659297,0.12764552,0.15065674,-0.9539524,0.64386433,-0.7024222,-0.07380016
