17hoole,"3,6anhgal",ac,allyl,api,ara,ara-ol,asn,bu,bz,caf,cho,fer,fru,fuc,fucn,gal,gal-ol,gala,gallic,galn,galna,gc,glc,glc-ol,glca,glcn,glcn-ol,glcna,gula,ido,idoa,kdo,kdo-ol,lyx,mal,man,mana,mann,me,missing monosaccharide,myoino,neu,p,pcoum,pr,qui,qui3n,qui4n,quin,rha,rha4n,rhan,rib,rib-ol,s,ser,tal,xyl
-2.5771613,1.3663952,1.0951961,-0.8776075,-0.4243862,-0.29188794,0.21614727,-1.2308311,-1.4115249,-0.15220337,0.78418773,-0.16619231,-0.031005835,-1.6599058,0.6692312,-0.6140231,2.647532,0.69540983,0.64148355,1.1561549,0.256965,0.9275772,0.22812897,-0.20866682,0.80503887,0.9990799,1.7811201,0.4019495,0.40732187,0.61495763,0.41884825,1.8934782,0.61161214,1.4814438,0.6643958,-0.95109665,0.10245158,-1.8508132,1.1329443,-0.30875373,1.2728237,-1.1064893,-1.0326236,1.9401116,-0.7787856,0.94070745,-0.17166781,-0.091627605,-0.29127443,-0.05915838,1.4886798,0.68994653,0.061579328,-0.69158065,-0.20249206,-0.76275206,0.16514935,0.9404625,0.74935764
0.87389153,0.7800766,-2.0276392,0.66731346,-0.8252087,-0.1121568,-1.3428015,1.5788465,0.08879766,1.2929933,0.6560735,-2.2067356,-0.9090745,-1.3705812,-0.48597446,-1.2124296,0.18797395,-0.07949303,0.2359801,1.3647095,1.6906397,1.2121538,1.879162,-1.8860298,1.1216357,-1.5103691,-0.42702973,-0.24209556,0.17486286,-0.96131384,1.5966563,-1.2351695,-0.4318415,-0.26519468,-0.7919521,0.21615268,1.3178158,0.099702604,1.0269347,-1.4623839,0.9872272,-0.71929735,1.4797474,0.3657073,1.6947787,-0.8419286,-1.540147,1.1573343,0.3365293,-0.63907826,0.010440725,-1.3813696,1.3297827,-0.36652517,0.64594454,0.25248742,-0.08810953,0.067949824,-0.47440398
2.4468715,1.1484635,-0.6328062,1.2064074,-0.50398576,0.33580005,-0.402184,-0.73429245,-0.52543086,-1.3070244,1.4170198,2.0497248,-0.3191942,-0.049373977,-2.1514587,2.6543188,0.12576179,1.0154427,1.021078,1.5382326,-0.28093895,0.2819925,0.8825235,-2.3173018,1.349251,0.91332674,-2.7669692,0.66918045,-1.3711771,-0.47032404,0.9963699,-0.19840947,-0.17674345,0.5181883,-0.25018024,0.6451615,0.2255225,-0.2305282,-0.4985855,0.76126647,2.1335654,-0.82556665,-1.5219842,-0.060532916,-1.6459132,0.8422034,-2.4228244,0.86406636,0.07172668,-0.98215806,-0.71653193,0.38472012,-0.41485935,-0.8439448,-0.7234482,0.7952545,-0.77983147,0.22876684,0.4462783
0.90607923,1.6668154,-0.75137097,0.9008957,-0.377779,-1.6106285,0.49806824,-0.5062282,-0.6204005,-1.9253693,-1.2729182,0.5032111,-0.6796512,-0.08540016,1.3058054,-1.9504421,-1.0872175,-0.62748116,-0.5993103,-0.81559926,0.11742916,0.80158484,-0.09923222,0.18252952,-0.6552795,-0.7775002,0.31264886,-0.7534251,1.7710335,-0.5940073,0.40780953,1.1275693,1.7537746,-0.008345205,0.4764288,-1.3295327,-0.52305293,0.00033289162,0.5242984,0.83856183,-0.22214279,0.1567173,0.45740837,0.81777483,-0.9461847,3.3299916,0.083196044,0.080423884,0.12846774,0.06917286,1.2647004,0.52099377,-0.95179075,1.9478049,3.215857,-0.7421115,1.2936509,-0.5400558,0.96716374
-0.25095135,-0.19669577,-0.27025327,-0.8618649,-1.4101716,-0.693107,1.0884205,1.0008107,-2.3709772,1.6082406,-1.4503485,1.2109673,0.2059635,-0.12144029,-0.9684519,-1.5026735,0.4233776,0.2422924,0.300016,-2.7083025,0.05726117,0.681304,-0.22631451,-1.241082,2.7113755,1.3176446,-0.10054523,-1.6903176,0.5922073,-0.6436397,-0.70058364,2.0296028,0.84658116,0.8116812,1.1737995,-2.2234354,1.7334217,-0.2240713,-0.43657216,-0.97785234,-0.4901167,-1.8805125,0.88568175,1.2585374,-0.89619696,0.46106404,-1.0102183,-0.08149292,-0.62481034,0.7899158,1.0678517,-0.5380431,0.9087316,-3.3630266,-1.3296376,-0.13191026,0.24447519,0.24847312,-0.31413206
0.87714654,-0.7703782,-0.35170242,0.92966866,1.2870109,-0.62931377,-0.9260771,0.16633153,-2.4266279,0.09396048,-0.73394376,-0.3710286,0.09795216,-0.7679239,0.01844817,0.7658035,-1.1392049,-1.3862034,1.1420764,-0.8354553,1.3348404,-0.7714936,0.4322701,0.5980031,-0.98267525,-0.6847832,-0.7191996,1.3736293,-0.9249774,-0.34872487,-0.18125634,0.67030966,-0.51983917,-1.4527452,0.24823487,0.11811855,1.0246911,0.683018,-0.41590273,-0.47278088,1.1575943,-0.5654208,0.74763685,1.6922374,0.5846316,-2.3177006,0.748341,-1.9611124,-0.21742445,1.6293242,-0.42305633,-2.0182521,0.11468933,-0.4038741,-0.55657786,1.8365996,0.4912498,-1.2268038,-0.3830178
0.9271956,-1.8825167,1.1125827,1.1943984,0.11238392,-1.0458132,-0.15326206,2.8102841,-0.5422655,0.06030679,-0.63115513,-0.81446147,-0.22469911,0.7017728,0.17350148,-0.5434616,-0.7507492,1.1209548,1.335731,0.8271944,-1.9196227,-1.1583983,0.7498956,-0.7758982,1.2298416,-0.5920392,-0.034848668,-0.95779353,0.5433553,0.51864886,0.7115345,0.24362129,0.24646395,0.008347772,0.012088269,0.60446,-1.3775263,0.13351603,0.4663218,1.0686903,-0.7187726,-1.1726454,-1.1632919,-0.7038306,-1.1999182,-0.13895643,0.6270365,1.9222064,-0.43502712,-0.81402004,-2.1095366,-0.20296234,0.19607009,0.81386584,-0.89365315,1.7915145,-1.4012067,-0.67335856,-0.79998195
-0.39459482,-1.0565844,-1.3995019,-0.22048078,0.30940947,-0.77591836,-0.206845,0.78806084,-0.22592597,-0.9480844,-0.515015,0.4844131,0.4413072,-1.1829036,-0.7420525,0.862794,-1.6451926,0.027695123,0.58476734,-0.6680531,-1.1042274,-0.056202706,-1.4909047,-0.15923111,0.23070958,0.26524052,0.2621228,-0.8350333,-0.8640351,-1.8565987,0.49111372,-0.4157376,-0.27050042,1.258814,-1.4172409,0.8663039,-0.78152657,1.2623475,-0.69028926,2.219026,-0.12111751,-0.8314313,0.6734557,-0.91890335,-0.5155097,-0.30522656,-0.32666335,0.3929267,1.2253776,-0.6993339,-1.1242763,0.32739717,1.5943549,1.1878431,0.3461231,-0.7481077,-1.576468,0.8066409,1.8001955
0.8352381,1.4322983,-2.0346007,1.3915932,1.8232278,1.2906439,0.5485619,-0.004371695,0.21833633,-0.46983352,-0.46604,2.9157186,-0.5659141,1.1583898,-1.8178647,0.88435394,-1.084221,-0.8293564,-0.18106563,1.6134193,-0.7333493,0.6486007,0.079274654,0.5284918,0.56123954,1.170111,0.24940391,0.45222822,0.57570654,0.96315134,0.15064515,-0.3327669,-1.3598415,-0.42290747,-1.8689735,-0.5122077,-1.0319517,0.8625275,-0.21042669,-0.41433662,-0.13037406,-0.61720467,-0.059761483,-0.5842056,-0.38948107,0.18239906,-1.4077967,0.029437086,1.1095045,1.1233033,-0.30288586,-0.07829132,-1.3608032,0.20017898,0.45959356,0.6706715,0.019531675,0.3153695,0.20117073
1.1713853,-0.71881074,2.1264462,0.45390242,-0.36388317,-0.7298549,0.68621576,0.53136307,-0.0011905865,0.99729896,-0.33276495,2.051517,-0.7580178,0.9218991,0.93281275,-1.2506878,-1.2749447,-0.9166642,3.654226,-0.4309939,-0.307591,0.31289014,-0.72238564,0.7394679,-0.5338688,2.5887558,0.34624147,1.6602792,-2.60679,-0.5411751,-1.3862317,2.037348,0.47118178,-1.6653876,-0.659072,-0.3039998,-1.2262515,-0.52159554,-0.10079579,-0.36793488,-1.7423121,3.5195992,0.048133835,-1.0444024,1.4833165,-0.21308078,-0.19096741,-1.6736778,-0.024237823,1.4307848,-0.89104515,-0.44436017,-0.2185124,-2.1337368,-0.46859413,1.5154223,1.1224515,1.0281172,-0.04023473
-1.2182773,-0.8931269,-0.18189253,0.64179873,0.35159832,0.038312715,1.1944127,-0.8527021,1.3350047,-0.31064722,-0.4166731,0.42208892,0.4785245,-1.4091934,0.60088813,0.14688699,0.2828293,0.009348944,0.847145,-1.3499784,1.6590015,1.6271714,-0.17244558,-0.71116817,-0.9432774,-0.77833843,-0.8578232,-0.11081125,-1.279891,0.6267782,0.8431801,-0.59886885,-1.4898584,1.6663183,0.095033854,1.086014,-0.11483848,-1.7305598,-0.56939375,-0.094579674,-0.08385417,-0.16550341,-1.2459222,-0.06698119,1.376014,-0.9321349,-1.0180025,-0.96052366,0.68724734,0.32327974,0.6654051,-0.70229644,-0.84232754,-0.84949857,0.79147524,-1.8359536,-0.88978744,1.1370348,0.78817415
-0.2896646,0.47690395,0.51829517,0.84123874,-0.44657555,-0.91190076,0.12260422,1.0430121,0.39416617,1.4287763,1.223986,2.0331728,-1.0198253,0.7160411,0.22784035,-1.1182108,1.0326705,-1.1436521,-1.2221473,0.14067148,-0.3011686,1.0780884,0.53195757,1.1372457,-1.9346133,0.27309865,-2.788589,-1.091414,-2.1969976,-0.5492514,-0.19421434,0.8066682,0.29753387,-0.43046868,-0.5017109,1.4415474,-0.12930767,0.85146624,-0.1768063,-2.1487925,0.68574226,-0.6292104,1.348282,1.359198,-0.2674072,0.42472157,-0.73412764,-1.3398577,0.4948302,-0.27014932,-1.1764914,0.08901458,0.16261405,0.050538577,0.22741687,0.7017234,-0.99357957,1.1578331,-2.543365
0.4107593,1.3767385,1.0881339,0.20825033,-1.1798191,-0.36214298,-1.5183227,1.0991644,0.2788588,0.32051697,0.45196286,-0.5918841,-0.60926324,0.35988635,-0.9998693,0.9147019,0.4322134,-0.59485584,-0.5314727,-0.90292084,0.3976073,-2.7890074,0.9697676,-1.6524234,1.1178552,-0.6032218,-0.19189203,2.180091,-0.9544387,-1.8727543,-0.36847436,-1.0261039,-1.055631,0.86257005,-0.41510656,2.0375104,0.11015122,0.13241385,-0.41514045,-0.04017652,-0.85497385,0.7888591,-0.06547282,-0.9618328,-0.53353983,-0.76898843,0.2934462,0.9997343,1.5551091,0.22761956,0.9850741,-1.278241,0.99207026,-0.52013105,0.074586175,-0.55229187,-0.26761237,1.2501304,1.5069855
1.1037736,-1.10584,0.02381673,-1.4548299,0.15424068,0.45368308,-1.6280575,1.1425254,-0.706177,-2.2178729,0.20902482,-0.03203541,1.4103575,-0.3499722,0.8651409,1.7898264,-0.80569035,0.010515162,1.5650705,-0.21993002,0.114916354,1.4522295,0.10018833,1.6449637,0.2868813,0.85002047,0.87316513,-0.94739,-1.0078491,1.4333868,0.817541,-2.3149846,-0.3375439,-1.0452178,-2.0004501,1.6143397,-1.6362329,-0.8951747,0.5556171,-1.7167718,-1.0238824,-0.25201902,0.6081265,0.41762578,-0.514266,0.89141697,-1.039851,-0.759894,0.930848,-0.46358058,-0.3524044,0.12696546,0.25078556,2.726003,0.9156224,-0.5654249,1.101383,2.3085449,-0.67642707
-1.5384635,-1.3184305,-0.81236273,-0.23775218,-0.56176555,-0.5150898,-0.28994745,-0.2499648,-1.113248,0.29473326,2.1407106,-0.39221826,-1.6719912,-0.32300815,1.0850111,-0.16238098,-1.2934529,-0.11008774,-1.1930801,1.3821933,-0.16153546,0.20294078,-0.85313207,-0.55357444,-0.41660872,0.30499655,0.32206443,-0.052620426,-1.6577518,-0.79675806,0.039149657,0.47260037,-0.6218035,1.6770741,1.2487197,2.0532691,-0.5586664,-0.12675905,0.19797286,-0.074334174,-1.4062377,-1.7042994,0.8214848,0.020810792,0.8000004,-0.9230064,0.72923946,0.043747447,-1.1919389,0.24844833,1.5019792,0.8994678,-0.21091217,0.7546686,0.023328427,-1.4574034,0.70519316,-0.6592977,1.6217753
1.4260587,-0.013831208,0.34332177,0.048826385,0.45185286,1.9511217,-0.86733013,-1.0924526,1.2312776,1.2768848,-0.060075764,0.39157698,-0.6045434,-0.24915697,1.0457264,0.19582722,0.25336394,-1.2339801,-1.1092668,-0.9139193,-0.3044224,-1.2224717,2.6321425,0.8014656,0.5385986,0.7623774,1.1264696,-0.46970862,-0.38551015,0.75301427,0.7888683,-0.6278254,-2.2199059,-0.4839059,0.8106554,-1.2655867,-0.79938644,1.4217674,0.19080657,-0.3427598,0.5565578,0.7766389,0.15395223,-0.43637767,0.73006254,-1.8458587,-0.17371455,-1.5847958,-1.1920801,0.8796447,0.81577295,-1.0513405,-0.06928284,-0.35180598,-0.40171963,0.9176581,0.4337455,1.2846253,-0.44627222
0.20233786,-0.23461421,-1.2753202,-0.6412333,0.88925403,0.6040431,-0.042829998,-2.4081402,0.81509876,1.2436537,0.33577135,-0.8074321,-0.93342924,1.5208147,0.46815223,-1.2582079,0.33980122,-0.039261617,-0.5876465,1.0369084,-0.44200957,-0.4284322,-0.69352925,-0.33119863,2.1095316,0.17948954,-0.6658646,0.5742511,-0.30719963,0.14344686,-1.7068207,-1.8489164,1.658484,-0.22680652,-1.082675,-0.86134017,1.1613312,-0.9198826,0.44644848,-0.9779205,-0.46616855,1.5913485,-0.76582605,0.638132,-1.908466,-0.03564723,-1.2948755,0.26883546,-0.25790516,0.4542228,-0.8117597,-0.4052598,0.6258905,0.7493783,-0.866623,2.2021732,0.79327965,1.110388,-0.042237457
-0.3197838,0.17218566,0.94238955,0.008124624,-0.17149548,0.48358363,0.05616778,-0.20818235,0.2076134,0.39516145,0.19128703,-0.010125877,0.26150653,0.21429984,-0.95149636,-0.39096835,-1.001466,-2.5072997,-0.4089673,-3.1153784,-1.8948025,0.64464784,-0.66576093,1.6639059,-1.3289548,0.25870094,-1.113084,-0.59562516,0.2545363,-0.4313636,-0.39457178,0.19835126,0.22992991,0.05509996,0.78424144,-1.4573338,-0.60673,-0.52180135,-0.22615133,-0.24184223,0.02964099,0.110994,1.5513914,-0.073841594,2.2569199,-1.5040965,0.26390564,-0.80548877,0.75830704,-1.0744715,-0.25473097,-1.4720811,-0.14996485,0.24017407,-0.5997381,-1.2715342,-0.1993461,-0.4735494,1.0152794
-0.14569181,1.0350868,-0.78940487,1.1721578,-0.5066588,1.4199246,0.1147651,0.11227103,1.1313184,-0.3030946,0.7065828,-0.44632548,-1.9731117,0.97907704,-1.2481978,0.38551724,-0.98169035,-0.62228054,-0.53742605,-0.29958624,-0.74033296,-1.4491956,0.39900544,2.7363174,0.081280164,1.6149566,0.33873457,0.7413542,-0.28312507,0.31786177,0.35108984,1.8313872,0.2762049,-1.1289325,-0.7768489,0.72849417,1.4162513,0.99259,1.247998,0.45463064,0.21229117,-2.028541,0.1614164,0.13273893,-0.36631083,1.1883706,-3.399143,0.64549416,-1.6670318,-0.4470235,0.28799957,0.69226253,-1.4907717,-1.4026783,2.307679,0.04239297,0.59594834,-0.8771185,1.1229976
-0.6889978,-0.7904757,-0.64174443,-0.1075821,0.9324335,-1.3203523,0.41302842,-0.28879058,-2.0932508,-0.46310744,0.5112636,-0.24951409,-0.91620386,-1.9301908,1.0628209,-0.23812988,-1.1807672,0.48168042,0.11895797,1.6199838,-1.1658328,0.7583605,-0.29628074,-1.9312686,1.5935371,1.1194729,-0.8940688,1.7028162,0.23850074,0.47036624,-1.0800827,0.7240011,0.39485776,0.82794654,0.32825777,-0.7891425,-0.90230715,1.0118229,-2.3824208,-1.400227,0.75994176,-0.1513212,0.7187643,-0.8626737,0.31654894,0.6331914,-2.6328297,-0.25392294,-1.6445509,-1.2431767,-1.5696094,-2.3965828,-1.9261986,0.6387761,-0.9202309,-1.0158798,-1.1411783,1.4613848,-0.47002348
1.086979,0.25340942,-1.6963427,0.7475726,-0.28672016,-0.24376407,-1.0320654,0.13656442,-0.16242984,-0.9643772,-0.9335064,-0.41317418,2.2086024,0.6143442,-0.63115454,-0.56562436,-0.40000066,0.8026726,0.77234006,0.32390633,1.6353477,1.0002244,-1.4372777,1.6286666,1.2496076,0.302185,-1.0188712,0.71547955,-0.5210426,-0.5715439,0.070806466,1.19971,-0.5896235,1.3627322,0.41043237,-0.186078,0.43647155,-2.8942454,0.3216761,0.67762977,1.2902883,0.32622388,0.02003993,0.29490334,1.3720932,0.5930103,-2.503297,1.3423853,-1.2270579,-0.32556355,2.0127208,-1.8596405,-1.34023,-0.2554358,1.6373559,1.1931446,1.7508066,0.4991004,0.20035253
-0.48035187,3.5014753,-0.66077346,-0.17652363,0.3232322,-1.0749693,-1.3224446,-0.5758324,-1.4962887,-1.9211816,0.60463715,-0.7268938,1.2307532,-0.5293375,-2.2320745,-1.0895494,-1.0659924,1.1957046,1.0371265,0.9793485,-2.1701787,-1.7806718,-0.3818272,0.23978679,-0.33939624,0.13695931,-0.6531049,1.4030875,2.2067168,-0.56914955,-0.50552636,-0.63642764,0.62383443,1.671166,-3.136919,1.5727589,-0.5529172,-0.37149563,-0.79565215,0.8143784,-2.0520227,-0.5971515,0.77865696,0.12546982,-1.0484135,-1.3421437,0.9571828,-0.9129602,0.4936657,-0.38788858,1.06404,-0.18086746,-0.37790236,-0.4089795,0.09551803,-1.1683508,-0.47674447,-0.52573156,-0.51982796
1.0787176,1.6742048,1.7040371,-0.39332587,2.374612,-0.66388136,1.875168,0.3788087,-1.0423008,-0.0032856856,0.038447533,0.25477803,0.13130541,-0.14697072,-1.0777926,0.54817545,-0.8424468,2.0791688,1.6429431,-0.69622684,0.33493832,-0.07248996,-1.7090012,-1.4447064,-1.47917,0.50337875,-0.06587371,-0.86092806,-1.2418033,0.57489043,1.9587504,-0.45310196,0.4323821,-0.11004838,-0.17320208,0.027572855,0.7791371,-0.37569362,-0.7086862,1.051951,-0.8155756,-0.9508837,-0.9578727,-0.61849874,-0.7997423,1.4484079,0.42639735,1.5489769,0.050136376,0.993452,-0.93861777,-1.7843832,0.1764452,-0.8416994,0.5225214,-1.2367193,0.8396602,-1.0267148,-0.5181168
1.0408305,-0.557922,-1.1256831,-1.1231958,0.79651886,-0.54713917,-0.5824462,-0.75629014,-0.030029919,0.26057097,1.2514745,1.1243126,-1.3161545,1.3595179,0.6184541,-0.42515224,0.43687367,-1.8186167,-0.3327125,1.6347663,-0.2603638,-0.8341163,0.21960346,-0.014455697,-0.7020343,-0.2289879,-0.78321,0.23456226,-0.5606376,-0.2629206,-0.5425026,1.3642837,-0.63645387,1.5676616,1.3573205,-0.117925346,0.43683577,-1.1691315,-0.5785168,-0.2456531,-1.2422367,0.062376738,0.6734699,1.3431957,0.16931754,-0.033981167,-0.18205434,-1.2169542,-0.7611021,-1.7451452,-1.0748918,0.43401527,1.3949652,0.6645369,-1.621603,-0.65018886,1.9038008,-0.822441,-1.3269548
-1.7401898,-0.10373852,-0.005424879,0.25250846,1.8192551,0.18989013,-0.047274563,-1.2475412,1.8820468,0.55183727,-0.028989285,-0.13161162,1.3606696,0.49356538,0.37814352,0.36700037,-1.1103537,-0.22640614,0.39320526,-0.050684262,-0.2125072,1.1833081,0.22142479,0.16184954,0.34401625,0.4143207,-1.1489059,2.2952712,-0.39456508,-0.07485106,-1.1363591,-1.565939,0.95040303,1.2097318,-0.4082037,-0.35756072,0.52079225,-1.2998209,-0.8343285,-1.3545924,0.005783372,0.6834689,-0.031778228,0.6924691,-0.6865576,-0.23529425,-1.1524411,0.5355954,-0.81998885,-1.3023173,-0.4954898,0.28731534,-0.451901,1.1601855,0.319138,1.5644029,1.5918945,0.32287958,1.730308
0.85093194,0.6340238,-0.43082455,-1.4826282,1.1958587,0.2446346,-0.3728445,0.2570687,2.091655,0.9951108,-0.21632758,-0.116478816,-1.3362468,1.4453413,2.8771307,1.0176059,-0.7834099,-0.20624688,-0.12563108,-1.2495128,-0.6149325,0.3414928,-0.73907226,0.73385257,-0.9666587,2.3511183,0.7089352,-0.0048123854,-0.8212742,1.233696,-0.193509,1.2583649,1.1668646,-0.5351603,0.29319102,-0.35716736,-0.13225687,2.0249555,0.11152742,-0.765903,0.051753648,0.6087166,-1.4555584,1.1528506,-0.11755285,1.3846574,-1.3855014,-0.4459888,1.3715101,-0.15177628,-0.28450188,0.259663,1.0958179,0.19216084,-0.60963976,0.71880984,-0.87924576,0.9508616,1.2302214
1.1007402,-0.20584168,-1.3167461,1.3332385,0.50642884,-0.4913726,-0.5751109,0.4978155,1.2204742,-0.44623658,0.9496961,-0.87338203,-0.27911255,0.26715767,0.37539476,2.219201,-0.787204,-0.8140399,-0.710599,-1.0470465,0.9206161,1.4728775,0.5952266,-0.5132145,-0.42633498,-0.4842792,-2.1671336,0.98059887,-0.50473535,0.10564624,2.3996253,-0.051783744,0.12482164,-1.160495,-0.22791694,-0.7446535,0.24232407,1.2754638,1.3540912,0.4597864,-0.33340463,-1.0896239,-0.5023353,-0.2523061,0.55316395,-1.8400652,-0.63810587,-1.7303686,-0.51586723,0.16774338,0.78775716,-1.2998382,-0.4964886,-0.20079008,0.26978052,-0.37598675,0.22837402,0.6813712,0.08295019
1.1874278,-0.29102466,-0.22059414,2.3247693,-2.005047,-1.7897445,-1.67974,-0.86162627,0.11468684,-0.6040233,1.1446668,-0.0721153,-0.7945173,0.20985077,-1.3803394,-1.2685494,-0.0043259105,0.605338,0.75291115,-0.74796385,-0.38501832,2.126609,0.10373506,-0.4541658,1.0312939,-0.4989055,0.22395043,-0.39169633,-1.8290015,-0.3054587,-2.629164,-0.18363445,-0.66764146,-0.6819904,-0.24861802,0.7438416,1.0440712,-0.2664615,-1.0669526,-1.2131822,-1.0824783,-0.03472004,0.6481597,1.9715755,1.2708132,-0.6196373,0.53639257,1.88986,0.47920713,-0.8369736,-0.7371546,-0.9568426,0.6008174,-1.1192979,-0.23661047,-1.1487101,-1.0674345,0.08126225,-0.16640651
-0.72091585,0.871679,0.5045562,0.6880155,-1.6144991,1.5844891,-1.3994563,-0.081961215,-0.05634068,-0.0819108,-2.5494547,0.44439387,-0.8733939,2.429368,-1.0324702,-0.9146645,-0.020638892,-1.8896073,-0.021057462,-0.028728127,0.8792658,0.94710743,-0.70835435,1.3925115,-2.3824594,-0.35307083,1.0206378,-0.07736868,0.7030996,0.4466733,0.33034244,-0.8771485,-0.38869748,-0.38972312,0.154465,1.1573564,-0.030965695,-0.5866542,-1.862378,-0.7075023,1.0438155,-1.2656182,1.02907,-0.79105645,-0.38930628,1.5559115,-0.41249353,0.06048091,1.0504582,-0.3399408,-0.09721427,-1.4938334,1.8187687,-3.5975022,-1.4308429,0.2616517,0.7129441,0.28099635,-0.55617577
-1.1166254,-0.7570924,0.76468945,-0.40143302,0.111308716,1.7441574,-0.9191335,-0.032649107,1.4605104,1.0925393,-0.58832735,0.39544287,0.07726207,1.2691369,-1.1125227,0.65591484,0.20540075,-0.055170737,1.4273964,0.80890167,-0.2085885,-0.15796472,0.28170955,0.20392635,-0.44610846,-0.39322498,-0.33610284,-1.5120155,-0.9294406,1.2694002,-0.37876523,-1.1061553,-0.23986506,0.3519142,-1.04354,-1.6398804,-0.11827404,-0.7109052,-0.8771275,-0.5329355,-0.9742296,1.0335077,-0.30576432,0.66670287,0.437107,0.81854147,0.0013044793,-1.6568329,1.4007925,-0.9005921,-2.01865,-0.8318696,-0.5103136,0.36698622,-1.1678933,-1.9680407,0.2881671,-0.67602044,0.27449977
-0.03488231,-1.8471131,0.38804093,-1.0731884,0.0759079,-0.78938824,-2.126992,1.1873357,1.6620927,-1.3564178,-0.083232135,2.3004713,0.64447117,1.444158,0.63515466,0.2922037,0.2953426,-0.3778489,-0.6696838,0.37783483,1.1342258,-0.2844589,-0.07699321,-0.8477065,0.21232785,-0.84673554,-0.16252962,-0.33184496,-0.50697035,0.7347001,0.67129743,-0.45675692,-0.3392602,-0.47334334,-0.21831822,0.23091295,-1.3680327,0.08358285,-0.7982775,0.48076132,0.41238606,0.3495625,0.85285056,0.06905375,-0.46427387,0.16101255,1.3023229,1.2569759,-0.18012078,1.2423804,0.46505257,-0.19028224,0.9479995,0.97014654,-0.14137721,-0.631929,0.5429695,0.52378887,1.7446806
-0.035735525,-0.7292664,-0.79721034,0.43821675,1.0981654,1.3657209,-1.0223833,1.6094474,0.010103415,0.66856086,1.7716601,-0.48451766,0.4829831,1.1027671,-1.6656661,0.4746075,1.3039225,0.512039,1.4501572,-1.1616724,1.9845524,-0.1782053,-0.27236685,-1.2154442,0.40068126,-0.38512844,0.7934213,-0.65944993,-0.20068023,-0.7632433,0.37527636,-2.7253516,-1.9060673,0.3556496,-0.1654422,1.1039504,-0.1802728,0.44926798,-0.16768539,1.3417296,-0.9508323,1.0261445,-0.32304755,1.6343185,0.37894258,-0.7346842,-1.6082562,-3.058958,-1.10756,0.31474635,1.4155334,0.11390267,-1.2144186,-0.3286162,0.21656837,0.014864798,0.31874382,0.08946219,0.72777736
1.5341444,-0.95278776,-0.5049505,1.7550356,-0.28015143,0.48846385,-0.32642964,-0.00034076287,-0.31037137,2.086094,0.23675549,-0.8780029,0.17111193,2.342581,0.61186856,0.54856837,1.4237916,1.2929156,-0.5915744,1.191889,-1.2654016,-1.0087166,0.8012783,0.35051963,0.05964978,-1.161603,-1.9281809,0.38942513,0.92887235,0.36335865,0.21790056,0.8398165,-1.5022641,-1.56892,-0.5422133,0.4497427,-0.5965032,0.29697567,-0.6102044,1.2589273,-0.8385853,-1.3657296,0.9024965,0.9123194,0.21143642,1.4935743,0.6377024,0.6206791,-0.5070944,0.08549344,-1.2831798,0.44624102,0.49888358,0.15761355,-2.2837071,-1.979087,0.19350614,1.7238051,0.2027387
2.8631384,1.6005572,0.92799014,0.19953054,0.31564978,-0.20137177,0.2856122,-1.9428004,0.5937278,0.9424574,-1.0939196,-1.4339955,-0.3626994,0.9383157,0.7110416,0.904445,-0.22795147,0.048078172,-0.33004913,1.1889647,-0.67455524,-0.22774759,-0.11608715,-0.061190184,-0.9358925,-0.31163242,-0.64727247,1.0642304,-0.8707699,-0.40728575,-1.9192784,-0.01727313,2.172655,0.27423728,-0.25016907,-0.5642306,-0.114565186,0.9875934,-0.74085534,0.21038567,-0.042348757,0.37803492,-0.7412091,-0.9319335,0.2835479,0.006453381,0.10527395,-1.691225,-1.6630565,-0.33936644,-0.3738999,0.11920094,0.14314882,1.0439303,-0.58624023,1.0701177,1.199915,-0.22514641,-0.46855804
-0.1290573,0.43704107,-0.90274,1.3214102,0.6512908,1.5017402,0.656887,0.042079687,-0.6253345,-0.13634348,0.21997388,-0.2504581,-0.7220534,0.59796906,-0.82552725,-0.5860169,0.387582,-1.0701789,1.2383002,-0.8305306,1.2949877,-0.35986117,1.1734629,-1.0526896,1.0861214,0.21100426,-1.4655371,1.5111865,0.7561827,0.534163,-0.15330443,-0.3840103,-1.402158,0.21151616,-1.172086,2.0237625,-1.1367741,-1.3295193,0.7197174,1.1937772,0.060052343,-1.1902192,-0.1754264,0.75879776,0.89637154,2.050178,1.3769568,2.4321384,-0.62257427,1.3848946,-0.5100184,-1.9800715,1.7457818,0.36845076,0.5616151,1.0851319,0.10537003,-0.6271491,-1.3101537
-0.2767715,-0.8027156,-1.213261,0.16949697,-0.12379755,1.0159165,-0.52788055,-1.1532234,0.6526235,0.64983433,0.66138005,-0.11855294,-1.1062729,0.5281992,0.4224835,0.5404519,-0.25365955,0.8623798,0.1891467,-0.5507421,-0.28020307,-0.68971515,-3.1864564,0.15485685,-1.0778725,-0.4859713,0.6340116,-1.0328288,-0.4224131,-0.38115585,0.14179453,0.7046509,-0.029745195,-0.39937606,-1.8931037,1.3345529,-0.20760606,-0.33765194,0.51874954,0.24703099,2.0050027,1.6172693,0.9346299,0.6752402,-1.7329241,1.1210585,-1.1199051,0.47299638,1.9529743,1.7893833,-1.336077,-0.90933895,1.4862529,0.10494385,-2.564611,-2.1021342,0.1402728,0.65853876,0.44669536
1.6621748,-1.1737981,0.6356402,1.2184312,0.16612025,0.20625947,-1.134342,-1.9092983,0.5449825,-0.61011106,-1.7482457,-0.19584467,0.4939964,1.2473713,-0.61754864,0.70794445,-2.3625777,-1.8621919,-0.4493658,1.228734,0.66832256,1.3275199,-0.2518916,0.07836881,-0.2376892,0.12261566,0.5164912,0.53550416,1.6848125,-0.9135518,-0.29250503,0.78635055,1.740946,0.58983636,1.5491377,-0.6093293,0.16662775,0.9422078,-1.0588006,-0.8596031,-0.76145536,-0.25513616,-0.8842572,-0.97043264,-0.21336776,-0.14121093,-0.8188728,-1.7419926,-1.1838393,0.73041826,-0.6772579,0.6248165,0.14370735,-0.37607235,-0.7271132,0.80796725,0.31639516,0.51380837,1.0847926
-1.1212527,-0.64062333,-0.17579891,-1.5060102,0.1845256,0.5199602,2.6344545,0.6833475,-0.8361356,0.61337715,-0.20346877,-0.7723786,-0.0325474,-0.41983756,0.6806476,-1.2881529,-1.2042162,-0.31365576,1.8252336,-1.769643,0.84790987,-0.28757697,0.6560898,1.1823939,2.139994,-1.2514186,-2.0751424,0.24454713,-0.6446357,-0.7066391,1.756426,1.6538966,0.542216,0.82045573,-0.44595447,-1.7830862,-0.028266853,0.0001022728,0.1221832,-1.1669191,0.5399935,0.43003938,-1.1194953,-0.44706148,-0.081975944,0.65798146,-1.1953858,-1.4653221,-0.5359931,1.2620214,1.0126717,1.2368925,1.1910034,-0.0072837463,-0.06904795,-0.9789675,0.9485926,-1.3324476,0.9304886
-1.3442475,1.6355864,-1.5164381,-0.28030616,-0.8934212,-0.15645775,-2.0824592,1.6235946,1.0053207,-0.73344886,-0.12874286,-1.8278058,1.7315549,-1.4664025,0.37022126,-1.1064743,0.14509156,-1.67261,1.6266662,0.85785633,-0.5066589,-0.6619779,-0.48222023,-0.2903669,-1.4510634,0.27168816,-1.9639233,-0.01408384,-0.008619871,-0.9226559,-1.9572852,0.46112856,0.15884703,-2.0130854,0.09932852,1.6982385,1.8850261,0.71597356,-0.08410721,0.8580062,-0.7829246,-2.9342685,0.00764469,1.5270905,1.0331296,-1.5681683,0.35947847,-0.19597992,0.27782696,0.81623644,-0.73339736,0.43080506,0.7124183,-1.0714895,1.2053238,-1.7421615,0.46468788,1.6411633,1.1172496
0.87439424,-1.4508969,-1.0698436,0.47591126,0.28516972,2.219512,0.32385895,-0.7898376,-0.92763394,0.7839129,-1.0631219,-1.3322912,-0.11270851,-0.0132503845,0.0013252236,1.1591483,-1.3696353,-0.18160814,-1.0194719,-0.7132847,0.37304327,2.3123815,-1.3959502,0.7198232,-0.37452704,-0.14493518,-1.0925599,0.65836084,-0.7685164,0.42672816,-0.4656778,2.1202476,-0.49455398,-1.1070503,1.8295977,0.5690125,-0.6995697,-0.47093925,-0.06269118,-0.1277714,-1.3720086,-0.14911127,1.0324526,-0.7788762,0.52294886,-0.37865394,0.79544204,2.5098193,1.5017436,-0.35223612,0.41599134,0.25649804,0.8639248,2.866334,1.1111712,-0.60681736,0.96007794,0.10876126,0.6475375
0.30407938,-0.54681623,1.3590031,0.22770275,1.5998687,-0.62137115,-1.1138097,-0.87687534,-1.1376523,0.46641576,-0.5316114,0.8987583,0.5263156,-0.51057625,0.13766545,0.9019511,-1.2960759,1.4110627,-0.70680314,1.8077301,1.9036613,0.5614259,-0.48103082,0.19888853,-1.1157146,-0.90676194,0.6336456,-0.20146911,-0.3222162,-0.7918371,0.008074048,0.29928333,-0.81901175,-0.8137039,0.91386455,0.20439012,-1.8027949,-0.5694627,0.044440143,0.15989447,0.6414287,-0.57774276,0.046100475,-0.18922529,-1.7653258,0.59769756,1.0668296,-0.4763319,-0.77712446,-0.18236686,-1.0485243,-1.0189253,1.657142,0.63015866,0.51526016,-0.39951554,1.1202587,1.5740799,0.47468942
0.13395925,0.08565662,-1.7823304,-1.748302,1.7916533,0.03706017,-1.6362069,-0.9592705,0.8597719,-0.38298848,0.31771743,-0.31874436,-0.32087407,-0.74531984,-1.0584805,-0.024435243,-0.6935815,-1.6357498,0.20859003,0.83407104,-1.0554422,1.181177,-0.7661673,-0.5428916,-0.5670954,-2.052095,1.1113125,-0.27413243,1.0282778,-0.9961545,-0.66417164,0.26842335,0.6707875,0.85143054,-0.26553208,-0.8887072,0.33785447,-0.54762256,0.5524295,1.0076249,0.12790628,-0.71510196,-0.93456864,2.716137,0.83694375,-1.8585032,1.2917262,-1.527509,0.5764642,0.4710077,-0.31262538,0.24745378,0.0801289,-1.3335177,2.075702,0.864804,-0.6092728,1.1816685,-1.6253544
1.0100532,1.3268687,-0.7988054,-0.5397211,1.0045856,1.7924949,-0.5977791,-1.7023191,-0.9888758,-1.352784,-1.3611834,-0.50848126,-1.280874,0.6926541,1.6387526,-0.14492473,0.1629547,-0.5577401,0.23342642,-0.604889,-0.8458564,-0.58824354,0.8245039,0.0019096226,-0.5489232,1.4558506,0.85178983,-0.61471635,0.8560959,2.3390584,-0.29036734,-0.043975107,-1.0887036,-0.8764678,-0.6169101,-0.74565387,1.6375363,-1.1758072,1.2802904,-0.0073345066,1.4826272,0.9425059,-1.1748699,1.7506969,-1.3950233,0.017732926,1.5105215,-0.11922977,-0.50130594,-1.6926935,0.10446954,0.083447866,-1.1824316,0.7637745,-0.44184056,0.25866938,0.46047765,1.0062803,-0.5059325
-1.0486873,-0.7192261,0.7164464,0.031358767,-0.98819554,-0.34596357,-0.26535884,-0.6364082,-0.5034492,0.9546137,0.5359793,0.41040808,-0.65577054,1.3623971,0.45231763,0.35396427,-0.16329585,-0.6540334,-0.6190251,-1.0920602,-0.41535065,-1.1235944,0.9170974,0.50767833,1.5947931,-1.4500889,0.08702481,1.244435,1.9025464,-2.4126425,-0.8454335,0.52378905,-1.0400109,1.0721254,-1.4166567,1.3832878,0.6787946,0.023146782,0.052277636,-1.2184851,-1.8217474,-0.46939847,-0.6442183,0.5131655,-1.218566,1.0441595,-0.71489215,-0.57996136,-0.27628666,-0.61371917,-0.13067181,1.8635011,-0.6911965,-0.5261954,0.27039173,0.22559556,-1.0570654,-0.6145711,-0.6059864
-0.16287465,-0.94456404,-2.1972108,1.6756985,-0.0714307,-0.010708122,-1.1893295,0.507944,0.15793799,-0.41689652,-0.2648179,0.97048074,-2.0414467,-0.46552467,-1.4665473,-1.1110756,0.2648175,-1.1533961,1.1594683,1.0846692,-0.9749501,0.46090716,0.7096824,-0.9839043,-1.1139048,-0.76028186,-0.8126538,-0.5413143,-0.78249824,-0.048825834,0.20816909,-0.15588161,-0.732747,0.6205666,-0.14834607,-1.1435639,-0.7223124,-1.4382068,0.5332216,-0.25095966,0.7280033,0.12674716,-0.77390844,0.11118537,-0.11504578,-0.87949604,1.1121098,-2.354789,1.9941449,-0.08970678,-0.5956729,0.72085893,1.9856106,0.14008357,0.78650117,0.0033533147,0.21023253,-0.81669015,0.09080652
0.940238,-0.17559226,-0.9552794,0.5137279,-0.10750992,-0.62166786,1.168791,0.051497355,-0.95553464,0.3891381,-0.48159578,-1.5547184,2.5681934,0.36357036,1.2313564,0.9424473,0.01400276,-0.8531348,1.2942224,-2.5383613,-1.0146767,1.2748747,-1.3056321,0.31996235,-0.01771569,2.595734,1.194831,0.42221755,0.12111516,-0.38063642,0.53998595,1.6430225,-1.4863605,-1.293942,1.7144328,1.0808274,-1.942321,0.7939108,-0.47048756,-0.15636995,0.15171856,-1.0992196,-0.833989,-0.7332282,-2.2285442,-0.56538194,0.4308175,0.5356724,0.5961034,0.53286856,1.179775,-0.114853054,1.5246696,0.21726114,0.53006047,0.21752325,-1.3548824,0.094397195,0.61035883
1.2122742,-0.04485022,-0.46936074,-1.4922196,0.6717656,2.754069,-0.5188271,0.29334846,0.17257169,-1.0376726,0.2030515,0.8181664,1.1116152,-1.1586435,0.14876664,-2.2788687,0.79046386,-0.8698725,-0.29226315,0.37711725,0.38572088,-0.48356435,0.4167702,-0.063572004,0.09498162,-0.75555813,-1.4510252,-1.1839409,0.2538834,1.195082,-0.23326072,2.3711305,0.0020855183,1.2417214,-0.9119637,0.49023038,-0.203829,-0.1720514,-1.425092,0.8837041,1.6949867,1.0270128,1.6010089,-1.1214921,0.28972465,-0.11685971,0.38033685,0.4595949,-1.2315093,-1.5971571,-0.8626914,-1.435162,-1.4679072,-1.4010298,-0.1995518,-0.08468631,0.1035073,2.192575,0.28475916
-1.0256509,2.0639427,-0.25214678,-1.3253251,0.7855184,-0.2805678,0.78695065,0.19925724,-0.3091975,-0.704533,-0.13896519,-0.08598382,1.282367,-0.028616078,1.5412927,-0.09082249,0.42702857,-1.1130364,0.52998984,-0.79531205,1.0656604,1.9529892,0.8254655,0.1347685,0.263013,-0.7329607,-2.1446428,-0.68219715,-0.1363545,0.56166655,0.31170723,0.71173507,-0.24853127,1.4303893,1.4233559,1.2587736,0.7722836,-0.7539192,0.18067308,-0.50554097,-0.26236263,-0.2592598,0.2170142,-1.1431636,0.0713547,1.7749621,0.34549072,-0.32966924,-0.69721466,-0.38101444,-0.27471054,1.704714,-0.66707,0.49724227,-0.16974162,-0.56826097,2.297914,-0.2270249,-1.5818479
2.3316312,0.5343838,0.29008216,0.6684682,-0.30190945,-1.1584585,1.5706261,-0.66538936,0.61883026,-0.021641554,0.9864976,0.42792752,-0.77672696,-1.0104027,-0.08450803,-1.0729252,-1.5520049,1.651335,-1.9927411,-0.2792614,-0.13411249,-0.69363046,2.785882,0.6529822,-1.5891513,0.87038106,1.1595174,0.39498502,0.14641719,-0.76235104,-1.2216378,-0.27651015,-0.2683452,-1.6736822,0.56742316,1.8459387,0.34180427,2.3625464,1.862561,0.42503893,-0.5906463,1.3396584,1.1186929,-0.38463724,1.3941857,-0.51610684,0.61550725,0.2828429,-0.07447291,0.8935344,0.29457036,2.3090105,2.2716053,0.85821176,-1.7119442,0.23735753,0.6125903,-0.47449288,0.754884
0.6457055,-1.5035213,-1.7211238,0.8819701,0.5194724,-0.07508128,-1.0890212,-0.39829376,-0.8424864,0.6709076,-0.5200771,-1.2690214,0.25139022,0.25456056,1.0826639,-0.95967346,-1.5546952,-0.8206175,0.0031804894,0.71718657,-1.396045,-0.26033995,-0.135142,-0.56086373,-0.14801466,-0.16037995,-0.107193865,0.335042,1.6642244,1.7833315,0.43587598,-0.15563066,-0.4893446,0.7011169,0.21021932,-1.6373663,-2.5231323,-0.39358902,-1.1474437,1.3990548,0.23714498,0.7683375,0.861871,-0.36679205,0.9305552,0.28108042,-0.35957423,0.45297396,1.2470447,0.11509599,-0.7130951,0.80424935,-1.2330792,-0.91527224,-1.6947805,-0.4111872,-1.0466087,-0.54979056,2.2506232
1.5694175,-1.2423533,0.6914225,0.46517852,0.2596558,0.28355324,-1.047727,0.6229994,-0.6941772,1.119578,-0.86060095,-1.0431206,1.5830884,0.011959695,0.26327726,-0.88058525,-0.93232983,-0.63598895,-1.7480705,1.5095229,0.28004262,-0.04661533,0.45247445,1.52701,-1.6070449,0.008272402,0.036602385,0.022480665,1.6132759,-1.2790781,1.1219144,0.8692146,0.47127983,-0.35517466,-0.06477246,0.9209886,1.7700646,0.7069825,-0.51164013,-0.3743488,0.92529756,0.32151487,0.6395961,-0.24298409,-1.4688966,2.4571075,-0.589993,-1.2820845,-0.98388207,2.197155,1.372384,-0.48571068,0.565382,-1.1940054,-0.20144421,-1.1619606,-0.6535487,-0.4626738,0.10882688
-0.11144903,0.98774034,0.5008482,1.1377109,-1.2325218,-0.58024573,1.3417659,0.09043008,0.8979729,-0.24189015,0.036757987,-1.1657916,-0.12131614,0.2425241,0.42050225,-0.09969932,-0.4496876,0.3414748,-0.08544751,-1.038314,-0.055785265,-0.27220458,-0.07391289,0.44895908,-0.7887754,-0.024349304,0.030203344,1.5934017,0.2937215,2.0669084,0.14384532,-1.3655338,0.13175686,0.86915976,0.6455815,0.5082991,0.6721778,-0.17349032,1.8901981,-1.3038118,2.4737525,-0.8155314,-0.047234464,-0.3091678,0.73499227,-1.7191517,-1.4437934,1.0784997,-0.12002559,0.4591586,-1.3768752,-0.47647965,-1.3572402,2.0825224,1.9402022,-0.44940877,0.44374713,1.5226731,0.4030606
0.03391199,0.9407632,1.8354468,-0.5419773,1.5600249,-0.39669466,0.15904215,-0.7407248,-0.3337117,-0.5502188,-0.83906716,0.21514493,-0.76134396,0.28807107,-0.4232476,-0.5517479,0.6407125,0.656611,-1.6367131,-0.020841347,0.5865141,0.3463023,2.1013868,-1.1120737,-0.73300064,-1.3460548,0.33641455,-0.8250504,-0.6554902,0.7065137,1.8290954,-0.1858403,-0.2186384,2.0828168,-1.3291171,-0.07251737,-0.19664884,1.0489756,-2.572624,0.34624302,1.2934294,0.82002705,-2.0133293,1.8951104,-0.053817682,0.39934292,0.23565182,-1.9197465,1.2393953,-0.6264152,0.35825443,-2.4078507,-0.5057465,0.09145322,-0.82998574,0.8037042,-0.51048654,0.32291836,-2.3148868
-0.8597061,0.16822301,-0.29365724,1.7566831,1.8673538,0.60299695,0.19238923,-0.6296338,0.3013602,-0.048471566,-1.0379694,-1.0250684,-0.87032086,-0.14905654,0.07701017,0.11059748,-0.72369146,0.69742626,-1.539621,0.59190595,-0.8004346,1.0489159,0.37416214,-0.54927313,-0.84552133,-1.4495955,-0.89525586,-0.41458791,-0.08593979,-1.7832286,-1.2474412,-0.69774514,1.0574602,0.5340238,0.46157348,-0.40398312,-0.4369977,-1.6147666,-0.38946643,-1.589082,-0.4665466,0.5275851,-0.09275477,-0.5172779,0.6803489,-0.69922113,0.67516994,-0.5348709,0.70139533,-1.8006817,-0.60346735,1.3256154,0.77774763,0.17948638,-0.48057693,0.5113082,-0.57138854,1.8994734,-0.1351744
-0.6138151,0.45735916,-0.7130253,-2.313177,-2.05998,2.1945682,-0.44620076,2.831348,0.27815136,0.46343556,-1.1537504,0.19618799,0.27912983,1.2823473,1.4140673,-1.017488,0.42518893,-0.047623847,1.2047623,0.40097824,1.9209594,-0.5681181,-0.24660502,-0.4442002,-0.4855673,-1.2132984,0.07568032,-2.0917163,0.98836225,0.3431265,-1.0268915,-0.04716818,0.01645342,0.79630053,-2.3575757,1.6222107,-1.8355266,0.40353382,-1.630844,0.35430545,-2.5379434,0.28054664,0.62033963,-0.02879162,-1.604115,-1.9636308,0.15370779,1.4465084,-0.8736832,-0.280287,-0.42331302,0.6613144,-0.09916618,0.8537404,-2.1066024,0.47098824,-3.0132954,0.044256613,0.6897456
-1.0476018,-0.6734801,0.2606663,0.15342866,0.7188731,1.4249456,1.1458219,0.55870056,-1.7513148,-1.4531603,1.1364869,0.028145768,0.47629714,-0.4316394,1.7051935,0.022704266,0.7395778,-1.0159731,-1.7806212,-1.0511758,0.48669493,1.3666099,0.13228346,1.6486712,-1.9483664,-0.5001341,-0.027644435,0.034713533,1.4598877,0.55225617,-1.162627,-1.2424318,0.9192072,0.16165505,0.6547839,-0.34565598,-0.76919806,0.8355801,-0.16223802,0.46979764,-1.6458312,1.1848544,-0.723207,-0.2948579,-0.067607656,-1.141286,1.2963724,-0.24757878,1.0232233,-0.0757769,-1.0991929,-0.9954793,1.7200192,0.41281337,-0.81046563,2.416318,0.10375565,-2.0597734,-1.6276673
-0.6609858,1.6950572,-0.70900136,-2.3109677,1.8204701,0.043067675,0.23504934,-0.1561954,-0.43835598,0.70451236,-0.6534138,0.09833938,-1.7390376,0.024747089,-0.53563696,-0.33763295,1.0126024,-2.039577,0.37065446,0.006384218,-0.36090627,0.35309714,0.2874733,0.8052952,0.37046927,0.075025305,0.62832665,0.60523367,0.51344085,2.482551,0.9097694,-0.79028434,-0.046418943,0.13449152,1.3724066,0.7159753,2.1477966,-0.27809834,-0.3746788,-1.0580951,-1.0509531,1.0531628,0.580505,-0.93097955,1.9199369,-1.4482017,0.6710762,-0.036017466,0.11523952,-0.770392,0.049065106,-0.7207296,-0.26398972,-0.97647065,-1.1348896,1.6286668,1.3364145,0.08575735,1.3113819
0.32756263,-1.1939797,-0.07363517,0.5098659,-0.63656944,-0.5440013,0.47854337,0.22717214,-0.14750393,0.57835525,-0.9347311,-0.22976582,-1.4857143,1.18473,0.3344927,0.76417935,0.3866547,1.2808946,-1.2996734,0.83404046,0.79310757,-0.4582366,-0.15756162,-0.030953707,0.53423125,1.5718524,-0.54724395,0.08171761,1.8007327,1.4666299,-1.6287059,0.24945155,-0.17488508,0.08072308,1.1080891,-1.0318452,0.12912203,-1.0117552,0.22894524,0.21562661,-0.2963053,-0.87035036,-1.2330358,0.02621837,-0.025574941,0.4120382,2.0679417,1.310192,1.2479447,0.87914693,-0.22174112,-0.01946723,0.76255125,0.20876923,-0.034965403,0.59655076,-0.24758874,1.984825,0.27326423
0.7651921,0.040722433,0.54359037,0.35062402,-1.1928732,0.72777563,-0.8132776,0.40478545,-1.5705961,0.27431703,0.7715336,0.89702755,0.7239211,0.48449266,-0.7138935,1.2163391,1.7439709,-0.5691359,0.5016612,0.033452477,-0.11350292,0.06368837,0.6424797,-1.300972,0.9039243,-2.2980993,-0.99158543,1.9883821,-1.3016983,0.036903087,-0.81156355,-0.8096253,0.9239389,0.257675,0.3078833,1.1112056,0.23234469,1.5730942,-0.3114615,0.71600634,-0.78140396,0.34958068,0.884649,0.67768717,0.63914543,-0.9748982,-1.0586966,0.21924567,-0.27411485,0.84489805,0.6975044,-0.41605198,1.2263707,-0.5555547,-1.2852277,-0.44025657,-0.3672129,1.2617248,0.54621387
0.7343735,-0.33988327,-0.6625931,1.080969,1.68758,0.64737827,0.23870105,0.70147264,-0.055792708,-0.11733092,-1.3220662,-0.65328664,-0.18855219,0.10875394,0.57627344,1.5458158,-0.55606633,0.5869325,0.34147924,1.3550497,-0.662188,-0.832585,-0.49507907,-0.5375697,-0.40256822,-0.54360783,0.0661546,0.17985167,-1.9402028,1.4778205,-1.2438241,-0.54041964,-0.5561923,0.49083692,0.560162,0.26005706,-0.58896863,0.64778084,1.1028801,1.240339,0.77377665,1.2120968,0.7449605,-0.49497023,-1.4554169,0.4682751,0.17728558,1.458296,-0.041954,-0.75717384,1.3268719,-0.15457098,0.32557794,1.1037662,-0.50086796,1.1056621,-0.8678209,0.066465095,0.84703916
1.3177352,-0.9210943,-1.2479931,1.1483017,-0.7378124,-1.4351803,0.31136346,-1.9381751,-0.34142646,-0.3442714,0.9390937,0.78860664,1.4036415,0.018587826,-0.09760727,-0.8163381,-0.24134004,-0.17317095,0.2959395,-0.82052904,0.01536763,-1.4478039,-0.3034144,-0.7777474,-1.2854123,1.4769481,-0.5686402,0.7561494,0.2425709,0.5787408,1.5360544,-0.83213574,0.96022666,0.24164443,-1.6235995,1.8947525,-0.86281294,-0.15522231,1.6573987,0.03889166,0.22011551,-0.4985728,-0.5773875,-0.38052142,-0.54015213,-1.6582295,0.2947887,-0.3049667,1.5114031,1.1994579,0.6063993,-0.43144125,0.29748404,0.54639894,-0.47680682,-0.043995146,1.0490435,1.1932913,1.0477116
0.8447753,0.5047395,-0.4072665,-0.1056256,0.37241477,-0.46090302,0.9072058,0.51796603,-0.892793,-1.0606828,0.3337068,0.5200521,-0.36509806,-0.25654373,0.061899483,0.53467697,-0.13759285,-0.6164125,-0.92571396,-0.44100636,0.71547854,0.8875635,-1.2824216,0.2245435,0.4739413,1.4058297,-0.20693725,-0.96272355,-0.30015397,0.9034847,1.2288008,0.74165624,0.013441854,-0.72880846,-0.08211075,-0.97156584,-0.861318,0.7453124,-0.5706831,-0.7425584,0.30507594,-1.2523435,1.0681472,-0.2771854,0.41007146,1.8891258,0.7169669,0.58991194,2.1471992,0.9833856,1.3836523,0.8443819,-0.32155418,-1.0517881,-0.9718403,0.54866856,-1.0803777,-0.013462806,-1.5609349
-0.16160814,-0.4970684,0.31143543,1.1014618,0.48820487,-0.16495796,-0.79190785,1.0468454,-0.89810085,-0.1540656,1.1117086,-0.91657805,-1.6528844,-0.61772823,1.5290222,1.4768795,-1.4583038,-0.5339117,0.5672129,0.23262805,1.2396568,0.52785605,0.40106428,2.3936293,-0.8219612,0.86917925,0.49369344,-0.8791332,-0.45652786,-0.40887722,1.2713003,1.0820241,1.486603,1.1998099,1.4819548,-0.06787403,-1.9528998,-0.09803839,-1.2466607,0.5596198,0.42973357,0.7337733,-1.2000885,1.796583,-1.8259629,0.03709985,0.10560717,-0.46806973,-0.5284578,-0.133771,-0.039743766,0.26962784,1.2935014,-2.2571342,0.58894646,-0.15771778,0.48026198,-0.93716705,1.389148
-0.19845638,-0.7640251,-0.46185502,-0.41437972,0.02279602,-0.06411126,0.26426315,-1.0975615,1.783943,-0.3634415,-0.5935226,0.1467947,-0.15941979,1.6710906,-0.78644216,-0.12004365,-0.065176114,-0.24015607,-0.72402245,-1.835178,-0.60194266,0.14642605,-1.2250268,0.46166554,1.5000058,-1.3335685,-0.9396087,-0.53684783,-0.7818095,0.8689927,-1.122845,-0.62955624,2.3803692,-0.6684613,-0.014134021,0.30386722,-0.5444223,-0.021509768,0.580961,-1.1149832,-0.6030518,-0.54797393,-0.30889025,-1.0990726,1.4427822,1.0311089,-0.8746189,0.6678211,-3.0708988,0.4934296,-0.8295168,2.5530095,0.6100117,0.661356,1.2141918,-0.75144464,-0.18643455,0.9931238,-0.81571585
